"Collision.Type","Weather","Surface.Condition","Light","Driver.Substance.Abuse","Driver.At.Fault","Injury.Severity","Drivers.License.State","Vehicle.Damage.Extent","Vehicle.First.Impact.Location","Vehicle.Body.Type","Speed.Limit"
"SAME DIR REAR END","RAINING","WET","N/A","NONE DETECTED","Yes","NO APPARENT INJURY","MD","DISABLING","TWELVE OCLOCK","PASSENGER CAR",30
"STRAIGHT MOVEMENT ANGLE","RAINING","WET","DARK LIGHTS ON","NONE DETECTED","No","NO APPARENT INJURY","MD","DISABLING","TWELVE OCLOCK","PASSENGER CAR",35
"SAME DIR REAR END","RAINING","WET","DAYLIGHT","N/A","No","NO APPARENT INJURY","MD","FUNCTIONAL","SIX OCLOCK","(SPORT) UTILITY VEHICLE",25
"SAME DIR REAR END","RAINING","WET","DAYLIGHT","NONE DETECTED","No","NO APPARENT INJURY","MD","SUPERFICIAL","FIVE OCLOCK","PASSENGER CAR",35
"SAME DIR REAR END","SNOW","SNOW","DAYLIGHT","NONE DETECTED","Yes","NO APPARENT INJURY","MD","FUNCTIONAL","TWELVE OCLOCK","PASSENGER CAR",25
"HEAD ON","RAINING","WET","DAYLIGHT","NONE DETECTED","Unknown","NO APPARENT INJURY","SC","SUPERFICIAL","ELEVEN OCLOCK","PASSENGER CAR",35
"SINGLE VEHICLE","SNOW","","DAYLIGHT","NONE DETECTED","Yes","NO APPARENT INJURY","DC","FUNCTIONAL","ELEVEN OCLOCK","TRANSIT BUS",0
"SAME DIR REAR END","RAINING","WET","DAYLIGHT","NONE DETECTED","Yes","NO APPARENT INJURY","MD","DISABLING","TWELVE OCLOCK","PASSENGER CAR",30
"STRAIGHT MOVEMENT ANGLE","RAINING","WET","DAYLIGHT","NONE DETECTED","No","NO APPARENT INJURY","MD","DISABLING","ELEVEN OCLOCK","PASSENGER CAR",40
"SAME DIR REAR END","RAINING","WET","DARK LIGHTS ON","NONE DETECTED","No","NO APPARENT INJURY","MD","FUNCTIONAL","SIX OCLOCK","VAN",30
"STRAIGHT MOVEMENT ANGLE","RAINING","WET","DAWN","NONE DETECTED","No","NO APPARENT INJURY","MD","FUNCTIONAL","TWELVE OCLOCK","PASSENGER CAR",15
"SINGLE VEHICLE","RAINING","WET","DARK LIGHTS ON","ALCOHOL PRESENT","Yes","NO APPARENT INJURY","XX","DISABLING","TWELVE OCLOCK","(SPORT) UTILITY VEHICLE",40
"SAME DIR REND LEFT TURN","RAINING","WET","DAYLIGHT","NONE DETECTED","Yes","NO APPARENT INJURY","MD","DISABLING","TWELVE OCLOCK","PASSENGER CAR",45
"STRAIGHT MOVEMENT ANGLE","RAINING","WET","DAYLIGHT","NONE DETECTED","Yes","NO APPARENT INJURY","MD","DISABLING","ELEVEN OCLOCK","PASSENGER CAR",35
"SAME DIR REAR END","RAINING","WET","DAYLIGHT","NONE DETECTED","No","NO APPARENT INJURY","MD","FUNCTIONAL","SIX OCLOCK","PASSENGER CAR",30
"OTHER","SNOW","","DAYLIGHT","UNKNOWN","Yes","NO APPARENT INJURY","","NO DAMAGE","SIX OCLOCK","CARGO VAN/LIGHT TRUCK 2 AXLES (OVER 10,000LBS (4,536 KG))",10
"SINGLE VEHICLE","RAINING","WET","DAYLIGHT","NONE DETECTED","Yes","SUSPECTED INJURY","MD","DESTROYED","TWELVE OCLOCK","PASSENGER CAR",35
"SINGLE VEHICLE","RAINING","","DARK NO LIGHTS","NONE DETECTED","Yes","NO APPARENT INJURY","MD","UNKNOWN","TWELVE OCLOCK","PASSENGER CAR",10
"SINGLE VEHICLE","RAINING","WET","DARK NO LIGHTS","NONE DETECTED","Yes","NO APPARENT INJURY","NY","DISABLING","TWELVE OCLOCK","PASSENGER CAR",25
"SINGLE VEHICLE","RAINING","WET","DAYLIGHT","N/A","Yes","NO APPARENT INJURY","MD","DISABLING","SIX OCLOCK","PASSENGER CAR",30
"STRAIGHT MOVEMENT ANGLE","RAINING","WET","DAYLIGHT","NONE DETECTED","Yes","NO APPARENT INJURY","MD","DISABLING","TWELVE OCLOCK","PASSENGER CAR",35
"SAME DIRECTION SIDESWIPE","RAINING","WET","DAYLIGHT","UNKNOWN","Unknown","NO APPARENT INJURY","MD","UNKNOWN","ELEVEN OCLOCK","TRANSIT BUS",35
"N/A","RAINING","WET","DAYLIGHT","UNKNOWN","Yes","NO APPARENT INJURY","","DISABLING","TWELVE OCLOCK","PASSENGER CAR",25
"STRAIGHT MOVEMENT ANGLE","RAINING","WET","DAYLIGHT","NONE DETECTED","Yes","SUSPECTED INJURY","MD","DISABLING","TWELVE OCLOCK","PASSENGER CAR",45
"HEAD ON LEFT TURN","RAINING","WET","DAYLIGHT","NONE DETECTED","Yes","NO APPARENT INJURY","MD","DISABLING","TWO OCLOCK","PASSENGER CAR",40
"SAME DIR REAR END","RAINING","WET","DAYLIGHT","NONE DETECTED","Yes","NO APPARENT INJURY","MD","DISABLING","TWELVE OCLOCK","PASSENGER CAR",30
"SAME DIR REAR END","SNOW","WET","DAYLIGHT","NONE DETECTED","No","SUSPECTED INJURY","MD","DISABLING","SIX OCLOCK","PASSENGER CAR",25
"STRAIGHT MOVEMENT ANGLE","RAINING","WET","DARK LIGHTS ON","NONE DETECTED","No","NO APPARENT INJURY","MD","FUNCTIONAL","TWELVE OCLOCK","PASSENGER CAR",40
"SINGLE VEHICLE","RAINING","","DARK LIGHTS ON","ALCOHOL CONTRIBUTED","Yes","NO APPARENT INJURY","MD","FUNCTIONAL","TWELVE OCLOCK","PASSENGER CAR",35
"SAME DIR REAR END","RAINING","WET","DAYLIGHT","NONE DETECTED","Yes","NO APPARENT INJURY","DC","DISABLING","TWELVE OCLOCK","PASSENGER CAR",35
"STRAIGHT MOVEMENT ANGLE","RAINING","WET","DAYLIGHT","NONE DETECTED","Unknown","SUSPECTED INJURY","MD","DISABLING","TWELVE OCLOCK","VAN",40
"SAME DIR REND LEFT TURN","RAINING","WET","DAYLIGHT","NONE DETECTED","Yes","NO APPARENT INJURY","MD","FUNCTIONAL","ELEVEN OCLOCK","PASSENGER CAR",35
"OTHER","RAINING","WET","DARK LIGHTS ON","N/A","Unknown","NO APPARENT INJURY","DC","FUNCTIONAL","TEN OCLOCK","PASSENGER CAR",40
"HEAD ON LEFT TURN","RAINING","","DAYLIGHT","UNKNOWN","Yes","NO APPARENT INJURY","","UNKNOWN","TWELVE OCLOCK","PASSENGER CAR",0
"SAME DIR REAR END","RAINING","WET","DAYLIGHT","NONE DETECTED","Yes","NO APPARENT INJURY","MD","DISABLING","TWELVE OCLOCK","(SPORT) UTILITY VEHICLE",45
"SINGLE VEHICLE","RAINING","WET","DARK LIGHTS ON","NONE DETECTED","Yes","NO APPARENT INJURY","MD","DISABLING","TWELVE OCLOCK","PASSENGER CAR",35
"SAME DIR REAR END","SNOW","SNOW","DAYLIGHT","NONE DETECTED","No","SUSPECTED INJURY","MD","SUPERFICIAL","SIX OCLOCK","PASSENGER CAR",25
"STRAIGHT MOVEMENT ANGLE","RAINING","WET","DARK LIGHTS ON","N/A","No","SUSPECTED INJURY","MD","DISABLING","TWELVE OCLOCK","POLICE VEHICLE/NON EMERGENCY",35
"STRAIGHT MOVEMENT ANGLE","RAINING","WET","DARK LIGHTS ON","N/A","No","NO APPARENT INJURY","MD","DESTROYED","TWELVE OCLOCK","PASSENGER CAR",35
"SAME DIR REAR END","RAINING","WET","DAYLIGHT","NONE DETECTED","Yes","NO APPARENT INJURY","MD","DISABLING","TWELVE OCLOCK","PASSENGER CAR",35
"SAME DIR REAR END","RAINING","WET","DAYLIGHT","UNKNOWN","Yes","NO APPARENT INJURY","","UNKNOWN","TWELVE OCLOCK","PASSENGER CAR",25
"SAME DIR REAR END","RAINING","WET","DAYLIGHT","NONE DETECTED","No","SUSPECTED INJURY","ME","FUNCTIONAL","SIX OCLOCK","(SPORT) UTILITY VEHICLE",45
"HEAD ON LEFT TURN","RAINING","WET","DAYLIGHT","NONE DETECTED","No","SUSPECTED INJURY","MD","DISABLING","TWELVE OCLOCK","PASSENGER CAR",40
"HEAD ON LEFT TURN","RAINING","WET","DARK LIGHTS ON","NONE DETECTED","No","NO APPARENT INJURY","MD","DISABLING","TWELVE OCLOCK","PASSENGER CAR",35
"SINGLE VEHICLE","RAINING","WET","DAYLIGHT","NONE DETECTED","Yes","SUSPECTED INJURY","MD","DESTROYED","EIGHT OCLOCK","PASSENGER CAR",35
"SAME DIRECTION SIDESWIPE","RAINING","WET","DARK LIGHTS ON","NONE DETECTED","Unknown","NO APPARENT INJURY","MD","FUNCTIONAL","TWO OCLOCK","PASSENGER CAR",55
"SAME DIR REAR END","RAINING","WET","DARK LIGHTS ON","N/A","No","NO APPARENT INJURY","MD","DISABLING","SIX OCLOCK","VAN",40
"SAME DIRECTION SIDESWIPE","RAINING","WET","DAYLIGHT","NONE DETECTED","No","NO APPARENT INJURY","MD","DISABLING","ONE OCLOCK","PASSENGER CAR",35
"SAME DIR REAR END","RAINING","N/A","DAYLIGHT","NONE DETECTED","Yes","NO APPARENT INJURY","MD","DISABLING","TWELVE OCLOCK","PASSENGER CAR",55
"SAME DIR REAR END","RAINING","WET","DARK LIGHTS ON","NONE DETECTED","No","SUSPECTED INJURY","MD","DISABLING","SIX OCLOCK","PASSENGER CAR",0
"OTHER","RAINING","WET","DARK -- UNKNOWN LIGHTING","UNKNOWN","Yes","NO APPARENT INJURY","","UNKNOWN","TWELVE OCLOCK","UNKNOWN",35
"SAME DIRECTION SIDESWIPE","RAINING","WET","DAYLIGHT","NONE DETECTED","Unknown","SUSPECTED INJURY","MD","DISABLING","TWELVE OCLOCK","PICKUP TRUCK",35
"OTHER","RAINING","WET","DAYLIGHT","NONE DETECTED","Yes","NO APPARENT INJURY","MD","FUNCTIONAL","ELEVEN OCLOCK","PASSENGER CAR",50
"SAME DIR REAR END","RAINING","WET","DAYLIGHT","NONE DETECTED","No","NO APPARENT INJURY","MD","FUNCTIONAL","SIX OCLOCK","PASSENGER CAR",40
"SAME DIRECTION SIDESWIPE","RAINING","WET","DARK LIGHTS ON","N/A","Yes","NO APPARENT INJURY","","SUPERFICIAL","TWELVE OCLOCK","PASSENGER CAR",15
"SINGLE VEHICLE","RAINING","WET","DAYLIGHT","NONE DETECTED","Yes","NO APPARENT INJURY","PA","DISABLING","TWELVE OCLOCK","PASSENGER CAR",20
"ANGLE MEETS LEFT HEAD ON","RAINING","WET","DARK LIGHTS ON","NONE DETECTED","Yes","NO APPARENT INJURY","TX","FUNCTIONAL","SEVEN OCLOCK","PASSENGER CAR",40
"SINGLE VEHICLE","RAINING","WET","DARK NO LIGHTS","N/A","Yes","NO APPARENT INJURY","MD","DISABLING","TWELVE OCLOCK","N/A",35
"STRAIGHT MOVEMENT ANGLE","RAINING","WET","DAYLIGHT","UNKNOWN","Yes","NO APPARENT INJURY","VA","SUPERFICIAL","ONE OCLOCK","PASSENGER CAR",35
"SINGLE VEHICLE","RAINING","WET","DAYLIGHT","NONE DETECTED","Yes","SUSPECTED INJURY","MD","DESTROYED","TWELVE OCLOCK","PASSENGER CAR",40
"HEAD ON LEFT TURN","RAINING","WET","DAYLIGHT","NONE DETECTED","No","NO APPARENT INJURY","MD","DISABLING","TWELVE OCLOCK","PASSENGER CAR",35
"SINGLE VEHICLE","SNOW","ICE","DARK NO LIGHTS","NONE DETECTED","Yes","SUSPECTED INJURY","CA","DESTROYED","UNDERSIDE","OTHER LIGHT TRUCKS (10,000LBS (4,536KG) OR LESS)",40
"SAME DIR REAR END","RAINING","WET","DAWN","NONE DETECTED","No","NO APPARENT INJURY","MD","FUNCTIONAL","SIX OCLOCK","TRANSIT BUS",35
"SINGLE VEHICLE","RAINING","WET","DARK LIGHTS ON","N/A","Yes","NO APPARENT INJURY","MD","DISABLING","TWO OCLOCK","POLICE VEHICLE/EMERGENCY",35
"SAME DIR REND RIGHT TURN","RAINING","WET","DAYLIGHT","NONE DETECTED","No","NO APPARENT INJURY","MD","FUNCTIONAL","SIX OCLOCK","PASSENGER CAR",35
"SAME DIR REAR END","RAINING","WET","DAYLIGHT","NONE DETECTED","No","NO APPARENT INJURY","MD","SUPERFICIAL","SIX OCLOCK","PASSENGER CAR",35
"SAME DIR REAR END","RAINING","WET","DAYLIGHT","N/A","Yes","NO APPARENT INJURY","MD","DISABLING","TWELVE OCLOCK","PASSENGER CAR",35
"STRAIGHT MOVEMENT ANGLE","RAINING","WET","DAYLIGHT","NONE DETECTED","No","NO APPARENT INJURY","MD","FUNCTIONAL","TWELVE OCLOCK","PASSENGER CAR",30
"OTHER","RAINING","WET","DAYLIGHT","NONE DETECTED","Unknown","NO APPARENT INJURY","MD","SUPERFICIAL","TWO OCLOCK","OTHER",30
"SINGLE VEHICLE","RAINING","","DAYLIGHT","NONE DETECTED","Yes","NO APPARENT INJURY","MD","SUPERFICIAL","FIVE OCLOCK","SCHOOL BUS",25
"HEAD ON LEFT TURN","RAINING","WET","DARK LIGHTS ON","NONE DETECTED","No","SUSPECTED INJURY","MD","DISABLING","ELEVEN OCLOCK","(SPORT) UTILITY VEHICLE",30
"STRAIGHT MOVEMENT ANGLE","RAINING","WET","DAYLIGHT","NONE DETECTED","No","NO APPARENT INJURY","MD","FUNCTIONAL","TWELVE OCLOCK","PASSENGER CAR",30
"SAME DIRECTION SIDESWIPE","RAINING","WET","DAYLIGHT","NONE DETECTED","Yes","NO APPARENT INJURY","MD","DISABLING","TEN OCLOCK","PASSENGER CAR",35
"SINGLE VEHICLE","RAINING","WET","DAYLIGHT","NONE DETECTED","Yes","SUSPECTED INJURY","MD","DISABLING","SEVEN OCLOCK","PASSENGER CAR",30
"STRAIGHT MOVEMENT ANGLE","RAINING","WET","DAWN","NONE DETECTED","No","NO APPARENT INJURY","MD","FUNCTIONAL","TWELVE OCLOCK","PASSENGER CAR",25
"SAME DIR REAR END","RAINING","WET","DAYLIGHT","NONE DETECTED","Yes","NO APPARENT INJURY","MD","FUNCTIONAL","TWELVE OCLOCK","PASSENGER CAR",35
"OTHER","RAINING","WET","DAYLIGHT","NONE DETECTED","Yes","NO APPARENT INJURY","MD","FUNCTIONAL","SIX OCLOCK","POLICE VEHICLE/NON EMERGENCY",25
"SAME DIR REAR END","RAINING","WET","DAYLIGHT","NONE DETECTED","No","NO APPARENT INJURY","MD","SUPERFICIAL","SIX OCLOCK","PASSENGER CAR",50
"SAME DIRECTION SIDESWIPE","RAINING","WET","DAYLIGHT","NONE DETECTED","Yes","NO APPARENT INJURY","MD","SUPERFICIAL","SEVEN OCLOCK","PASSENGER CAR",45
"STRAIGHT MOVEMENT ANGLE","RAINING","WET","DARK LIGHTS ON","NONE DETECTED","Yes","NO APPARENT INJURY","MD","DISABLING","ELEVEN OCLOCK","PASSENGER CAR",30
"SINGLE VEHICLE","RAINING","WET","DARK LIGHTS ON","NONE DETECTED","Yes","NO APPARENT INJURY","MD","DISABLING","TWELVE OCLOCK","(SPORT) UTILITY VEHICLE",40
"OTHER","RAINING","WET","DARK LIGHTS ON","NONE DETECTED","Yes","SUSPECTED INJURY","VA","SUPERFICIAL","TEN OCLOCK","(SPORT) UTILITY VEHICLE",30
"SAME DIRECTION SIDESWIPE","SNOW","WET","DAYLIGHT","NONE DETECTED","Yes","NO APPARENT INJURY","MD","SUPERFICIAL","TEN OCLOCK","OTHER LIGHT TRUCKS (10,000LBS (4,536KG) OR LESS)",30
"SAME DIR REAR END","RAINING","WET","DARK LIGHTS ON","NONE DETECTED","No","SUSPECTED INJURY","MD","FUNCTIONAL","SIX OCLOCK","PASSENGER CAR",25
"SAME DIR REAR END","SNOW","SNOW","DAYLIGHT","NONE DETECTED","Yes","NO APPARENT INJURY","MD","SUPERFICIAL","TWELVE OCLOCK","TRANSIT BUS",40
"STRAIGHT MOVEMENT ANGLE","RAINING","WET","DARK LIGHTS ON","NONE DETECTED","Yes","NO APPARENT INJURY","MD","DISABLING","TWELVE OCLOCK","PASSENGER CAR",35
"HEAD ON LEFT TURN","RAINING","WET","DAYLIGHT","NONE DETECTED","No","NO APPARENT INJURY","MD","FUNCTIONAL","TWELVE OCLOCK","PASSENGER CAR",35
"SAME DIR REND RIGHT TURN","RAINING","WET","DAYLIGHT","NONE DETECTED","Yes","NO APPARENT INJURY","MD","FUNCTIONAL","TWELVE OCLOCK","PASSENGER CAR",35
"SAME DIR REAR END","RAINING","WET","DAYLIGHT","N/A","Yes","NO APPARENT INJURY","MD","SUPERFICIAL","TWELVE OCLOCK","PASSENGER CAR",35
"SAME DIR REAR END","RAINING","WET","DAYLIGHT","NONE DETECTED","No","NO APPARENT INJURY","MD","DISABLING","SIX OCLOCK","PASSENGER CAR",35
"SAME DIR REAR END","RAINING","WET","DAYLIGHT","N/A","Yes","NO APPARENT INJURY","DC","DISABLING","TWELVE OCLOCK","PASSENGER CAR",40
"HEAD ON LEFT TURN","RAINING","WET","DAYLIGHT","NONE DETECTED","No","NO APPARENT INJURY","MD","FUNCTIONAL","ELEVEN OCLOCK","(SPORT) UTILITY VEHICLE",25
"ANGLE MEETS LEFT TURN","SNOW","WET","DAYLIGHT","NONE DETECTED","Yes","NO APPARENT INJURY","MD","FUNCTIONAL","TWELVE OCLOCK","PASSENGER CAR",30
"SAME DIR REAR END","RAINING","WET","DARK LIGHTS ON","UNKNOWN","No","NO APPARENT INJURY","MD","FUNCTIONAL","TWELVE OCLOCK","PASSENGER CAR",55
"SAME DIRECTION SIDESWIPE","RAINING","WET","DAYLIGHT","N/A","Yes","NO APPARENT INJURY","","UNKNOWN","ONE OCLOCK","PASSENGER CAR",35
"SAME DIR REAR END","RAINING","WET","DAYLIGHT","NONE DETECTED","Yes","NO APPARENT INJURY","PA","DISABLING","TWELVE OCLOCK","(SPORT) UTILITY VEHICLE",40
"HEAD ON LEFT TURN","RAINING","WET","DARK LIGHTS ON","NONE DETECTED","No","NO APPARENT INJURY","MD","DISABLING","ONE OCLOCK","OTHER LIGHT TRUCKS (10,000LBS (4,536KG) OR LESS)",35
"SINGLE VEHICLE","RAINING","WET","DAYLIGHT","NONE DETECTED","Yes","NO APPARENT INJURY","MD","DISABLING","TWELVE OCLOCK","PASSENGER CAR",25
"SINGLE VEHICLE","RAINING","WET","DAYLIGHT","NONE DETECTED","Yes","NO APPARENT INJURY","MD","DISABLING","TWELVE OCLOCK","PASSENGER CAR",20
"STRAIGHT MOVEMENT ANGLE","RAINING","WET","DAYLIGHT","NONE DETECTED","No","NO APPARENT INJURY","MD","FUNCTIONAL","TWELVE OCLOCK","PASSENGER CAR",25
"HEAD ON LEFT TURN","RAINING","WET","DARK LIGHTS ON","NONE DETECTED","No","NO APPARENT INJURY","MD","DISABLING","ELEVEN OCLOCK","PASSENGER CAR",25
"SAME DIR REAR END","RAINING","WET","DARK LIGHTS ON","NONE DETECTED","Yes","NO APPARENT INJURY","MD","FUNCTIONAL","TWELVE OCLOCK","PICKUP TRUCK",35
"HEAD ON","RAINING","WET","DAYLIGHT","N/A","No","SUSPECTED INJURY","MD","DISABLING","TWELVE OCLOCK","(SPORT) UTILITY VEHICLE",30
"STRAIGHT MOVEMENT ANGLE","RAINING","WET","DARK LIGHTS ON","NONE DETECTED","Yes","NO APPARENT INJURY","MD","DISABLING","TWELVE OCLOCK","PASSENGER CAR",35
"SAME DIR REAR END","RAINING","WET","DAYLIGHT","NONE DETECTED","No","SUSPECTED INJURY","MD","SUPERFICIAL","SIX OCLOCK","PASSENGER CAR",35
"HEAD ON","RAINING","WET","DAYLIGHT","NONE DETECTED","No","NO APPARENT INJURY","MD","SUPERFICIAL","TWELVE OCLOCK","PASSENGER CAR",35
"STRAIGHT MOVEMENT ANGLE","RAINING","","DARK LIGHTS ON","NONE DETECTED","No","NO APPARENT INJURY","MD","DISABLING","EIGHT OCLOCK","PASSENGER CAR",35
"SAME DIRECTION SIDESWIPE","RAINING","WET","DAYLIGHT","NONE DETECTED","No","NO APPARENT INJURY","MD","SUPERFICIAL","ONE OCLOCK","PASSENGER CAR",50
"OTHER","RAINING","WET","DARK NO LIGHTS","NONE DETECTED","No","NO APPARENT INJURY","MD","SUPERFICIAL","TWELVE OCLOCK","POLICE VEHICLE/EMERGENCY",40
"HEAD ON LEFT TURN","RAINING","WET","DAYLIGHT","NONE DETECTED","Yes","NO APPARENT INJURY","MD","DISABLING","ONE OCLOCK","PASSENGER CAR",35
"SAME DIRECTION SIDESWIPE","SNOW","WET","DAYLIGHT","UNKNOWN","Yes","NO APPARENT INJURY","MD","UNKNOWN","ONE OCLOCK","PASSENGER CAR",35
"OTHER","RAINING","WET","DAYLIGHT","UNKNOWN","Yes","NO APPARENT INJURY","DC","UNKNOWN","TWELVE OCLOCK","PASSENGER CAR",25
"OTHER","RAINING","","DAYLIGHT","N/A","Yes","NO APPARENT INJURY","MD","FUNCTIONAL","ELEVEN OCLOCK","PASSENGER CAR",15
"OTHER","RAINING","WET","DAYLIGHT","NONE DETECTED","No","NO APPARENT INJURY","MD","DISABLING","THREE OCLOCK","PASSENGER CAR",30
"STRAIGHT MOVEMENT ANGLE","SNOW","WET","DAYLIGHT","NONE DETECTED","No","NO APPARENT INJURY","MD","FUNCTIONAL","EIGHT OCLOCK","PICKUP TRUCK",55
"SINGLE VEHICLE","RAINING","WET","DARK LIGHTS ON","NONE DETECTED","Yes","SUSPECTED INJURY","MD","FUNCTIONAL","TWELVE OCLOCK","PASSENGER CAR",30
"SAME DIR REAR END","RAINING","WET","DARK LIGHTS ON","NONE DETECTED","Unknown","NO APPARENT INJURY","MD","DISABLING","TWELVE OCLOCK","PASSENGER CAR",35
"SAME DIR REAR END","SNOW","WET","DAYLIGHT","NONE DETECTED","Yes","NO APPARENT INJURY","MD","FUNCTIONAL","TWELVE OCLOCK","PASSENGER CAR",35
"SAME DIR REAR END","RAINING","WET","DAYLIGHT","NONE DETECTED","No","NO APPARENT INJURY","MD","DISABLING","SEVEN OCLOCK","PASSENGER CAR",30
"STRAIGHT MOVEMENT ANGLE","RAINING","WET","DARK LIGHTS ON","NONE DETECTED","No","NO APPARENT INJURY","DC","DISABLING","TEN OCLOCK","PASSENGER CAR",20
"STRAIGHT MOVEMENT ANGLE","RAINING","WET","DAYLIGHT","NONE DETECTED","Yes","NO APPARENT INJURY","MD","FUNCTIONAL","TWELVE OCLOCK","PASSENGER CAR",35
"SAME DIRECTION SIDESWIPE","RAINING","WET","DAYLIGHT","NONE DETECTED","Yes","NO APPARENT INJURY","MD","SUPERFICIAL","TWO OCLOCK","SCHOOL BUS",40
"HEAD ON","RAINING","WET","DAYLIGHT","NONE DETECTED","No","NO APPARENT INJURY","MD","DISABLING","TWELVE OCLOCK","(SPORT) UTILITY VEHICLE",40
"SAME DIR REAR END","RAINING","WET","DAYLIGHT","NONE DETECTED","No","SUSPECTED INJURY","MD","DISABLING","SIX OCLOCK","(SPORT) UTILITY VEHICLE",30
"STRAIGHT MOVEMENT ANGLE","RAINING","","DAYLIGHT","NONE DETECTED","Yes","NO APPARENT INJURY","MD","SUPERFICIAL","SIX OCLOCK","PASSENGER CAR",5
"HEAD ON LEFT TURN","RAINING","WET","DAYLIGHT","NONE DETECTED","Yes","NO APPARENT INJURY","DC","FUNCTIONAL","FIVE OCLOCK","PASSENGER CAR",50
"STRAIGHT MOVEMENT ANGLE","RAINING","WET","N/A","NONE DETECTED","No","NO APPARENT INJURY","MD","FUNCTIONAL","TWELVE OCLOCK","PASSENGER CAR",40