"Collision.Type","Weather","Surface.Condition","Light","Driver.Substance.Abuse","Driver.At.Fault","Injury.Severity","Drivers.License.State","Vehicle.Damage.Extent","Vehicle.First.Impact.Location","Vehicle.Body.Type","Speed.Limit"
"HEAD ON LEFT TURN","RAINING","WET","DAYLIGHT","NONE DETECTED","No","SUSPECTED INJURY","MD","DISABLING","TEN OCLOCK","PASSENGER CAR",35
"SAME DIRECTION SIDESWIPE","RAINING","WET","DAYLIGHT","NONE DETECTED","No","NO APPARENT INJURY","MD","SUPERFICIAL","FOUR OCLOCK","PASSENGER CAR",35
"SAME DIR REAR END","RAINING","WET","DAYLIGHT","NONE DETECTED","Yes","NO APPARENT INJURY","MD","SUPERFICIAL","TWELVE OCLOCK","PASSENGER CAR",45
"SINGLE VEHICLE","RAINING","","DARK LIGHTS ON","NONE DETECTED","Yes","SUSPECTED INJURY","MD","DISABLING","TWELVE OCLOCK","PASSENGER CAR",0
"OPPOSITE DIRECTION SIDESWIPE","RAINING","WET","DARK NO LIGHTS","NONE DETECTED","Yes","NO APPARENT INJURY","MD","SUPERFICIAL","TEN OCLOCK","PASSENGER CAR",25
"SAME DIR REAR END","RAINING","WET","DAYLIGHT","NONE DETECTED","No","SUSPECTED INJURY","MD","SUPERFICIAL","SIX OCLOCK","(SPORT) UTILITY VEHICLE",55
"SAME DIR REAR END","RAINING","WET","DARK LIGHTS ON","NONE DETECTED","No","NO APPARENT INJURY","MD","FUNCTIONAL","SIX OCLOCK","CARGO VAN/LIGHT TRUCK 2 AXLES (OVER 10,000LBS (4,536 KG))",45
"SAME DIRECTION SIDESWIPE","SNOW","SNOW","DAYLIGHT","NONE DETECTED","No","NO APPARENT INJURY","MD","SUPERFICIAL","SEVEN OCLOCK","SCHOOL BUS",35
"SINGLE VEHICLE","RAINING","WET","DARK NO LIGHTS","NONE DETECTED","Yes","NO APPARENT INJURY","MD","FUNCTIONAL","TWELVE OCLOCK","PASSENGER CAR",55
"SINGLE VEHICLE","RAINING","WET","DAYLIGHT","N/A","Yes","NO APPARENT INJURY","XX","FUNCTIONAL","TWELVE OCLOCK","PASSENGER CAR",40
"SAME DIR REAR END","RAINING","WET","DAYLIGHT","NONE DETECTED","Yes","SUSPECTED INJURY","MD","DISABLING","TWELVE OCLOCK","PASSENGER CAR",35
"SAME DIRECTION LEFT TURN","RAINING","WET","DARK LIGHTS ON","NONE DETECTED","Yes","NO APPARENT INJURY","MD","DISABLING","TEN OCLOCK","PASSENGER CAR",35
"SAME DIR REAR END","RAINING","WET","DAYLIGHT","NONE DETECTED","No","SUSPECTED INJURY","MD","SUPERFICIAL","SIX OCLOCK","PASSENGER CAR",40
"HEAD ON LEFT TURN","SLEET","WET","DAYLIGHT","NONE DETECTED","No","NO APPARENT INJURY","MD","DISABLING","TWELVE OCLOCK","PASSENGER CAR",30
"ANGLE MEETS LEFT TURN","RAINING","WET","DAYLIGHT","NONE DETECTED","Yes","NO APPARENT INJURY","MD","SUPERFICIAL","FIVE OCLOCK","PASSENGER CAR",35
"SAME DIR REND RIGHT TURN","RAINING","WET","DARK LIGHTS ON","N/A","No","NO APPARENT INJURY","MD","DISABLING","SIX OCLOCK","PASSENGER CAR",40
"SAME DIR REAR END","RAINING","WET","DARK LIGHTS ON","NONE DETECTED","No","SUSPECTED INJURY","MD","SUPERFICIAL","SIX OCLOCK","PASSENGER CAR",55
"SAME DIR REAR END","RAINING","WET","DAYLIGHT","N/A","Yes","NO APPARENT INJURY","MD","FUNCTIONAL","TWELVE OCLOCK","PASSENGER CAR",45
"SINGLE VEHICLE","RAINING","WET","DAYLIGHT","NONE DETECTED","Yes","NO APPARENT INJURY","MD","DISABLING","ONE OCLOCK","PASSENGER CAR",30
"SAME DIR REAR END","RAINING","WET","DAYLIGHT","NONE DETECTED","Yes","NO APPARENT INJURY","MD","DISABLING","TWELVE OCLOCK","PASSENGER CAR",35
"SAME DIR REAR END","RAINING","WET","DARK LIGHTS ON","NONE DETECTED","Yes","NO APPARENT INJURY","MD","FUNCTIONAL","TWELVE OCLOCK","PASSENGER CAR",40
"STRAIGHT MOVEMENT ANGLE","RAINING","WET","DAYLIGHT","NONE DETECTED","No","NO APPARENT INJURY","MD","DISABLING","EIGHT OCLOCK","PASSENGER CAR",35
"OTHER","SNOW","SNOW","DAYLIGHT","N/A","No","NO APPARENT INJURY","MD","SUPERFICIAL","TWELVE OCLOCK","PASSENGER CAR",35
"SAME DIR REAR END","RAINING","WET","DAYLIGHT","N/A","No","NO APPARENT INJURY","MD","DISABLING","SIX OCLOCK","N/A",35
"STRAIGHT MOVEMENT ANGLE","RAINING","WET","DAYLIGHT","N/A","No","NO APPARENT INJURY","MD","DISABLING","TWELVE OCLOCK","PASSENGER CAR",30
"STRAIGHT MOVEMENT ANGLE","RAINING","WET","DAYLIGHT","NONE DETECTED","Yes","SUSPECTED INJURY","PA","DISABLING","ELEVEN OCLOCK","PASSENGER CAR",30
"SAME DIRECTION SIDESWIPE","RAINING","WET","DARK LIGHTS ON","NONE DETECTED","No","NO APPARENT INJURY","MD","FUNCTIONAL","ELEVEN OCLOCK","PASSENGER CAR",45
"HEAD ON LEFT TURN","RAINING","WET","DAYLIGHT","NONE DETECTED","No","NO APPARENT INJURY","MD","FUNCTIONAL","TWELVE OCLOCK","(SPORT) UTILITY VEHICLE",45
"STRAIGHT MOVEMENT ANGLE","SNOW","WET","DAYLIGHT","NONE DETECTED","Yes","NO APPARENT INJURY","NJ","FUNCTIONAL","TWELVE OCLOCK","PASSENGER CAR",40
"SAME DIR REAR END","RAINING","WET","DAYLIGHT","NONE DETECTED","No","SUSPECTED INJURY","MD","FUNCTIONAL","TWELVE OCLOCK","POLICE VEHICLE/NON EMERGENCY",40
"SAME DIR REAR END","RAINING","WET","DAYLIGHT","NONE DETECTED","No","NO APPARENT INJURY","MD","FUNCTIONAL","SIX OCLOCK","PICKUP TRUCK",40
"HEAD ON LEFT TURN","RAINING","WET","DARK LIGHTS ON","UNKNOWN","Yes","NO APPARENT INJURY","","SUPERFICIAL","TWO OCLOCK","PASSENGER CAR",50
"SAME DIR REAR END","RAINING","WET","DAYLIGHT","NONE DETECTED","Yes","NO APPARENT INJURY","MD","DISABLING","TWELVE OCLOCK","PASSENGER CAR",40
"SAME DIR REND RIGHT TURN","SNOW","SNOW","DAYLIGHT","UNKNOWN","Yes","NO APPARENT INJURY","","UNKNOWN","UNKNOWN","",20
"STRAIGHT MOVEMENT ANGLE","RAINING","WET","DARK LIGHTS ON","NONE DETECTED","No","NO APPARENT INJURY","MD","DISABLING","TWO OCLOCK","PASSENGER CAR",35
"SAME DIR REAR END","RAINING","WET","DARK LIGHTS ON","NONE DETECTED","No","NO APPARENT INJURY","MD","FUNCTIONAL","SIX OCLOCK","PASSENGER CAR",35
"SAME DIR REAR END","RAINING","WET","DARK NO LIGHTS","NONE DETECTED","Yes","NO APPARENT INJURY","MD","FUNCTIONAL","TWELVE OCLOCK","(SPORT) UTILITY VEHICLE",45
"SAME DIR REAR END","RAINING","WET","DARK LIGHTS ON","N/A","Yes","NO APPARENT INJURY","MD","DESTROYED","TWELVE OCLOCK","PASSENGER CAR",35
"STRAIGHT MOVEMENT ANGLE","RAINING","","DAYLIGHT","NONE DETECTED","Yes","NO APPARENT INJURY","MD","SUPERFICIAL","TWELVE OCLOCK","OTHER",15
"HEAD ON LEFT TURN","RAINING","WET","DAYLIGHT","NONE DETECTED","No","NO APPARENT INJURY","MD","FUNCTIONAL","ELEVEN OCLOCK","SCHOOL BUS",35
"SAME DIR REAR END","RAINING","WET","DAYLIGHT","NONE DETECTED","No","NO APPARENT INJURY","MD","FUNCTIONAL","SIX OCLOCK","PASSENGER CAR",45
"ANGLE MEETS RIGHT TURN","RAINING","WET","DAYLIGHT","UNKNOWN","Yes","NO APPARENT INJURY","NC","UNKNOWN","TWELVE OCLOCK","PASSENGER CAR",35
"SAME DIR REAR END","RAINING","WET","DAYLIGHT","NONE DETECTED","No","SUSPECTED INJURY","MD","DISABLING","SIX OCLOCK","PASSENGER CAR",35
"SINGLE VEHICLE","RAINING","","DAYLIGHT","NONE DETECTED","Yes","NO APPARENT INJURY","MD","SUPERFICIAL","THREE OCLOCK","SCHOOL BUS",0
"OPPOSITE DIRECTION SIDESWIPE","SNOW","SNOW","DAYLIGHT","NONE DETECTED","Yes","NO APPARENT INJURY","MD","FUNCTIONAL","SEVEN OCLOCK","PICKUP TRUCK",25
"SAME DIR REAR END","RAINING","WET","DARK LIGHTS ON","NONE DETECTED","Yes","NO APPARENT INJURY","MD","DESTROYED","TWELVE OCLOCK","PICKUP TRUCK",40
"SAME DIR REAR END","SNOW","SNOW","DAYLIGHT","NONE DETECTED","Yes","NO APPARENT INJURY","MD","NO DAMAGE","TWELVE OCLOCK","TRANSIT BUS",35
"SAME DIR REAR END","RAINING","WET","DARK LIGHTS ON","NONE DETECTED","Yes","NO APPARENT INJURY","FL","FUNCTIONAL","ELEVEN OCLOCK","PASSENGER CAR",40
"OPPOSITE DIRECTION SIDESWIPE","RAINING","WET","DAYLIGHT","NONE DETECTED","Yes","NO APPARENT INJURY","MD","FUNCTIONAL","THREE OCLOCK","PICKUP TRUCK",35
"OTHER","RAINING","","DARK LIGHTS ON","NONE DETECTED","No","NO APPARENT INJURY","MD","FUNCTIONAL","SEVEN OCLOCK","PASSENGER CAR",15
"SAME DIRECTION SIDESWIPE","RAINING","WET","DAYLIGHT","UNKNOWN","Yes","NO APPARENT INJURY","MD","FUNCTIONAL","ELEVEN OCLOCK","PASSENGER CAR",30
"OTHER","RAINING","WET","DAYLIGHT","NONE DETECTED","Yes","NO APPARENT INJURY","MD","DISABLING","ONE OCLOCK","PASSENGER CAR",30
"SAME DIR REAR END","RAINING","WET","DARK LIGHTS ON","NONE DETECTED","No","NO APPARENT INJURY","MD","SUPERFICIAL","SIX OCLOCK","PASSENGER CAR",55
"SAME DIR REAR END","RAINING","WET","DARK LIGHTS ON","NONE DETECTED","No","SUSPECTED INJURY","MD","FUNCTIONAL","SIX OCLOCK","(SPORT) UTILITY VEHICLE",35
"SAME DIR REAR END","RAINING","WET","DAYLIGHT","N/A","Yes","NO APPARENT INJURY","MD","DESTROYED","TWELVE OCLOCK","PASSENGER CAR",40
"STRAIGHT MOVEMENT ANGLE","RAINING","WET","DAYLIGHT","NONE DETECTED","No","NO APPARENT INJURY","MD","FUNCTIONAL","TWELVE OCLOCK","PASSENGER CAR",25
"SINGLE VEHICLE","RAINING","WET","DARK -- UNKNOWN LIGHTING","NONE DETECTED","Yes","NO APPARENT INJURY","MD","FUNCTIONAL","TEN OCLOCK","POLICE VEHICLE/NON EMERGENCY",25
"SINGLE VEHICLE","RAINING","WET","DAYLIGHT","NONE DETECTED","No","NO APPARENT INJURY","MD","NO DAMAGE","TWELVE OCLOCK","STATION WAGON",45
"SAME DIR REAR END","RAINING","WET","DARK LIGHTS ON","NONE DETECTED","No","NO APPARENT INJURY","DC","SUPERFICIAL","SIX OCLOCK","PASSENGER CAR",40
"STRAIGHT MOVEMENT ANGLE","RAINING","WET","DARK LIGHTS ON","NONE DETECTED","No","NO APPARENT INJURY","MD","DISABLING","TWELVE OCLOCK","PASSENGER CAR",25
"STRAIGHT MOVEMENT ANGLE","RAINING","WET","DAYLIGHT","NONE DETECTED","Yes","NO APPARENT INJURY","MD","DISABLING","ELEVEN OCLOCK","PASSENGER CAR",35
"SAME DIRECTION SIDESWIPE","RAINING","WET","DARK LIGHTS ON","NONE DETECTED","No","NO APPARENT INJURY","MD","SUPERFICIAL","TEN OCLOCK","TRANSIT BUS",30
"SAME DIR REND RIGHT TURN","RAINING","WET","DAWN","UNKNOWN","Yes","NO APPARENT INJURY","","UNKNOWN","UNKNOWN","",30
"SINGLE VEHICLE","RAINING","WET","DARK LIGHTS ON","NONE DETECTED","No","NO APPARENT INJURY","MD","DISABLING","ONE OCLOCK","PASSENGER CAR",45
"UNKNOWN","RAINING","","DARK LIGHTS ON","UNKNOWN","Yes","NO APPARENT INJURY","","UNKNOWN","UNKNOWN","",5
"SAME DIR REAR END","RAINING","WET","OTHER","NONE DETECTED","No","NO APPARENT INJURY","MD","SUPERFICIAL","SIX OCLOCK","MEDIUM/HEAVY TRUCKS 3 AXLES (OVER 10,000LBS (4,536KG))",55
"STRAIGHT MOVEMENT ANGLE","RAINING","WET","DAYLIGHT","NONE DETECTED","Yes","NO APPARENT INJURY","MD","DISABLING","TWELVE OCLOCK","(SPORT) UTILITY VEHICLE",25
"STRAIGHT MOVEMENT ANGLE","RAINING","WET","DAYLIGHT","NONE DETECTED","No","SUSPECTED INJURY","MD","DISABLING","ELEVEN OCLOCK","PASSENGER CAR",40
"STRAIGHT MOVEMENT ANGLE","RAINING","WET","DUSK","NONE DETECTED","No","NO APPARENT INJURY","MD","FUNCTIONAL","TWELVE OCLOCK","PASSENGER CAR",20
"SINGLE VEHICLE","RAINING","","DARK NO LIGHTS","ALCOHOL CONTRIBUTED","Yes","NO APPARENT INJURY","MD","DISABLING","ELEVEN OCLOCK","PASSENGER CAR",35
"SAME DIRECTION LEFT TURN","RAINING","WET","DAYLIGHT","NONE DETECTED","No","NO APPARENT INJURY","MD","DISABLING","ONE OCLOCK","OTHER LIGHT TRUCKS (10,000LBS (4,536KG) OR LESS)",35
"SINGLE VEHICLE","RAINING","WET","DARK LIGHTS ON","NONE DETECTED","Yes","SUSPECTED INJURY","MD","DESTROYED","TWELVE OCLOCK","PASSENGER CAR",35
"SAME DIR REAR END","RAINING","WET","DAYLIGHT","NONE DETECTED","No","NO APPARENT INJURY","MD","SUPERFICIAL","SIX OCLOCK","PICKUP TRUCK",35
"SAME DIR REAR END","RAINING","WET","DARK LIGHTS ON","NONE DETECTED","Yes","SUSPECTED INJURY","MD","DESTROYED","TWELVE OCLOCK","PICKUP TRUCK",40
"SAME DIR REAR END","RAINING","WET","DARK LIGHTS ON","UNKNOWN","Yes","NO APPARENT INJURY","","SUPERFICIAL","TWELVE OCLOCK","PICKUP TRUCK",25
"HEAD ON LEFT TURN","RAINING","WET","DAYLIGHT","NONE DETECTED","No","NO APPARENT INJURY","MD","DISABLING","TEN OCLOCK","PASSENGER CAR",35
"STRAIGHT MOVEMENT ANGLE","RAINING","WET","DARK LIGHTS ON","NONE DETECTED","Yes","NO APPARENT INJURY","MD","DISABLING","NINE OCLOCK","PASSENGER CAR",30
"STRAIGHT MOVEMENT ANGLE","RAINING","WET","DAYLIGHT","NONE DETECTED","No","NO APPARENT INJURY","MD","DISABLING","TWELVE OCLOCK","(SPORT) UTILITY VEHICLE",35
"SAME DIR REAR END","RAINING","WET","DAYLIGHT","UNKNOWN","No","NO APPARENT INJURY","","SUPERFICIAL","SIX OCLOCK","UNKNOWN",35
"SAME DIR REAR END","RAINING","WET","DAYLIGHT","ALCOHOL CONTRIBUTED","Yes","NO APPARENT INJURY","MD","DISABLING","TWELVE OCLOCK","PICKUP TRUCK",25
"SAME DIR REAR END","RAINING","WET","DARK LIGHTS ON","UNKNOWN","No","SUSPECTED INJURY","VA","DESTROYED","SIX OCLOCK","MOPED",30
"SAME DIR REAR END","RAINING","WET","DARK NO LIGHTS","NONE DETECTED","No","SUSPECTED INJURY","MD","FUNCTIONAL","SIX OCLOCK","(SPORT) UTILITY VEHICLE",40
"OTHER","RAINING","WET","DAYLIGHT","N/A","No","NO APPARENT INJURY","MD","FUNCTIONAL","TWELVE OCLOCK","PASSENGER CAR",35
"HEAD ON LEFT TURN","RAINING","WET","DARK LIGHTS ON","N/A","Yes","SUSPECTED INJURY","MD","DISABLING","THREE OCLOCK","N/A",40
"SAME DIR REAR END","RAINING","WET","DAYLIGHT","NONE DETECTED","Yes","NO APPARENT INJURY","MD","SUPERFICIAL","TWELVE OCLOCK","PASSENGER CAR",40
"SINGLE VEHICLE","RAINING","WET","DARK NO LIGHTS","N/A","Yes","NO APPARENT INJURY","MD","SUPERFICIAL","EIGHT OCLOCK","FIRE VEHICLE/EMERGENCY",15
"SINGLE VEHICLE","RAINING","WET","DARK NO LIGHTS","NONE DETECTED","Yes","SUSPECTED INJURY","MD","DISABLING","TWELVE OCLOCK","PASSENGER CAR",25
"SAME DIR REAR END","RAINING","WET","DAYLIGHT","NONE DETECTED","No","NO APPARENT INJURY","MD","FUNCTIONAL","SIX OCLOCK","VAN",55
"SAME DIR REAR END","RAINING","WET","DAYLIGHT","N/A","No","NO APPARENT INJURY","MD","SUPERFICIAL","SIX OCLOCK","PASSENGER CAR",15
"SAME DIR REAR END","RAINING","WET","DAYLIGHT","NONE DETECTED","Yes","NO APPARENT INJURY","MD","DISABLING","TWELVE OCLOCK","PASSENGER CAR",40
"OPPOSITE DIRECTION SIDESWIPE","RAINING","WET","DAYLIGHT","NONE DETECTED","No","NO APPARENT INJURY","MD","DISABLING","ELEVEN OCLOCK","PASSENGER CAR",30
"SAME DIR REAR END","RAINING","WET","DAYLIGHT","NONE DETECTED","No","NO APPARENT INJURY","MD","SUPERFICIAL","SIX OCLOCK","STATION WAGON",40
"SAME DIR REND LEFT TURN","RAINING","WET","DAYLIGHT","NONE DETECTED","No","NO APPARENT INJURY","MD","DISABLING","SIX OCLOCK","PASSENGER CAR",35
"SAME DIR REAR END","RAINING","WET","DAYLIGHT","NONE DETECTED","No","NO APPARENT INJURY","MD","DISABLING","SIX OCLOCK","TRANSIT BUS",35
"SAME DIRECTION SIDESWIPE","RAINING","WET","DAYLIGHT","NONE DETECTED","No","SUSPECTED INJURY","MD","FUNCTIONAL","ELEVEN OCLOCK","PASSENGER CAR",35
"STRAIGHT MOVEMENT ANGLE","RAINING","WET","DARK LIGHTS ON","N/A","Unknown","NO APPARENT INJURY","MD","DISABLING","ELEVEN OCLOCK","PASSENGER CAR",35
"SAME DIRECTION SIDESWIPE","RAINING","WET","DAYLIGHT","N/A","No","NO APPARENT INJURY","MD","SUPERFICIAL","TWELVE OCLOCK","VAN",35
"SAME DIR REAR END","RAINING","WET","DAWN","NONE DETECTED","Yes","NO APPARENT INJURY","MD","DESTROYED","TWELVE OCLOCK","PASSENGER CAR",40
"SINGLE VEHICLE","RAINING","WET","DARK LIGHTS ON","N/A","Yes","NO APPARENT INJURY","MD","SUPERFICIAL","TWELVE OCLOCK","PASSENGER CAR",35
"HEAD ON LEFT TURN","RAINING","WET","DARK LIGHTS ON","N/A","Yes","NO APPARENT INJURY","MD","FUNCTIONAL","TWO OCLOCK","PASSENGER CAR",40
"STRAIGHT MOVEMENT ANGLE","RAINING","WET","DAYLIGHT","NONE DETECTED","Yes","NO APPARENT INJURY","MD","FUNCTIONAL","TWELVE OCLOCK","PASSENGER CAR",30
"SAME DIRECTION LEFT TURN","RAINING","WET","DARK LIGHTS ON","N/A","Yes","NO APPARENT INJURY","MD","SUPERFICIAL","TWELVE OCLOCK","PASSENGER CAR",35
"SINGLE VEHICLE","RAINING","WATER(STANDING/MOVING)","DAYLIGHT","NONE DETECTED","Yes","SUSPECTED INJURY","MD","FUNCTIONAL","FIVE OCLOCK","POLICE VEHICLE/EMERGENCY",60
"SINGLE VEHICLE","SLEET","WET","DAYLIGHT","NONE DETECTED","Yes","NO APPARENT INJURY","MD","DISABLING","TWELVE OCLOCK","PASSENGER CAR",30
"SAME DIR REAR END","SLEET","ICE","DARK NO LIGHTS","NONE DETECTED","No","NO APPARENT INJURY","MD","NO DAMAGE","SIX OCLOCK","MEDIUM/HEAVY TRUCKS 3 AXLES (OVER 10,000LBS (4,536KG))",50
"OTHER","SLEET","","DAYLIGHT","NONE DETECTED","No","NO APPARENT INJURY","MD","FUNCTIONAL","FOUR OCLOCK","(SPORT) UTILITY VEHICLE",0
"SAME DIR REAR END","SLEET","WET","DAYLIGHT","N/A","Yes","NO APPARENT INJURY","VA","DISABLING","TWELVE OCLOCK","PASSENGER CAR",25
"OTHER","SLEET","WET","DARK LIGHTS ON","N/A","No","SUSPECTED INJURY","MD","DISABLING","TWELVE OCLOCK","MEDIUM/HEAVY TRUCKS 3 AXLES (OVER 10,000LBS (4,536KG))",40
"SAME DIR REAR END","SLEET","SLUSH","DARK NO LIGHTS","NONE DETECTED","No","NO APPARENT INJURY","MD","SUPERFICIAL","SIX OCLOCK","POLICE VEHICLE/EMERGENCY",30
"HEAD ON LEFT TURN","SLEET","WET","DARK LIGHTS ON","NONE DETECTED","Yes","NO APPARENT INJURY","MD","DESTROYED","TWELVE OCLOCK","PASSENGER CAR",45
"STRAIGHT MOVEMENT ANGLE","SLEET","ICE","DAYLIGHT","N/A","Yes","SUSPECTED INJURY","MD","DESTROYED","TWELVE OCLOCK","PASSENGER CAR",35
"OPPOSITE DIRECTION SIDESWIPE","SLEET","WET","DUSK","NONE DETECTED","No","NO APPARENT INJURY","CA","SUPERFICIAL","ELEVEN OCLOCK","PASSENGER CAR",35
"OTHER","SLEET","","DAYLIGHT","NONE DETECTED","Yes","NO APPARENT INJURY","MD","SUPERFICIAL","SIX OCLOCK","(SPORT) UTILITY VEHICLE",0
"STRAIGHT MOVEMENT ANGLE","SLEET","WET","DAYLIGHT","NONE DETECTED","No","NO APPARENT INJURY","MD","FUNCTIONAL","ELEVEN OCLOCK","PASSENGER CAR",30
"SAME DIR REAR END","SLEET","OTHER","DARK -- UNKNOWN LIGHTING","NONE DETECTED","No","NO APPARENT INJURY","MD","FUNCTIONAL","FIVE OCLOCK","PASSENGER CAR",40
"SAME DIR REAR END","SLEET","ICE","DAYLIGHT","NONE DETECTED","No","NO APPARENT INJURY","MD","SUPERFICIAL","SEVEN OCLOCK","PICKUP TRUCK",50
"SAME DIR REAR END","SLEET","ICE","DAYLIGHT","NONE DETECTED","Yes","NO APPARENT INJURY","MD","FUNCTIONAL","TWELVE OCLOCK","(SPORT) UTILITY VEHICLE",40
"SAME DIR REAR END","SLEET","WET","DARK LIGHTS ON","NONE DETECTED","No","SUSPECTED INJURY","MD","FUNCTIONAL","SIX OCLOCK","PASSENGER CAR",45
"HEAD ON LEFT TURN","SLEET","WET","DAYLIGHT","NONE DETECTED","No","NO APPARENT INJURY","MD","SUPERFICIAL","ELEVEN OCLOCK","CARGO VAN/LIGHT TRUCK 2 AXLES (OVER 10,000LBS (4,536 KG))",25
"OTHER","SLEET","","DAYLIGHT","NONE DETECTED","Yes","NO APPARENT INJURY","MD","FUNCTIONAL","SEVEN OCLOCK","VAN",0
"SAME DIR REND LEFT TURN","SLEET","WET","DAYLIGHT","N/A","No","SUSPECTED INJURY","MD","SUPERFICIAL","SIX OCLOCK","OTHER",35
"STRAIGHT MOVEMENT ANGLE","SLEET","WET","DAYLIGHT","NONE DETECTED","No","NO APPARENT INJURY","DC","FUNCTIONAL","NINE OCLOCK","VAN",30
"SINGLE VEHICLE","SLEET","ICE","DARK LIGHTS ON","NONE DETECTED","No","SUSPECTED INJURY","MD","DISABLING","TEN OCLOCK","(SPORT) UTILITY VEHICLE",35
"OTHER","SLEET","ICE","DARK LIGHTS ON","N/A","Yes","NO APPARENT INJURY","MD","DISABLING","TWELVE OCLOCK","PASSENGER CAR",50
"SAME DIR REAR END","SLEET","ICE","DARK LIGHTS ON","NONE DETECTED","Yes","NO APPARENT INJURY","MD","SUPERFICIAL","TWELVE OCLOCK","PASSENGER CAR",30
"SINGLE VEHICLE","SLEET","ICE","DAYLIGHT","N/A","Yes","NO APPARENT INJURY","MD","DISABLING","UNDERSIDE","POLICE VEHICLE/EMERGENCY",25
"SINGLE VEHICLE","SLEET","WET","DARK NO LIGHTS","N/A","Yes","SUSPECTED INJURY","MD","DISABLING","TWELVE OCLOCK","PASSENGER CAR",40